Plot Title: 20946471,,,,,,,,
#,"Date Time, GMT-05:00","Temp, °C (LGR S/N: 20946471, SEN S/N: 20946471)","Intensity, Lux (LGR S/N: 20946471, SEN S/N: 20946471)",Coupler Attached (LGR S/N: 20946471),Coupler Detached (LGR S/N: 20946471),Host Connected (LGR S/N: 20946471),Stopped (LGR S/N: 20946471),End Of File (LGR S/N: 20946471)
1,7/16/2021 17:00,27.764,88178.4,,,,,
2,7/16/2021 17:15,28.655,77156.1,,,,,
3,7/16/2021 17:30,28.06,74400.5,,,,,
4,7/16/2021 17:45,27.764,74400.5,,,,,
5,7/16/2021 18:00,27.862,74400.5,,,,,
6,7/16/2021 18:15,27.37,71644.9,,,,,
7,7/16/2021 18:30,27.764,77156.1,,,,,
8,7/16/2021 18:45,27.37,77156.1,,,,,
9,7/16/2021 19:00,27.173,77156.1,,,,,
10,7/16/2021 19:15,26.39,77156.1,,,,,
11,7/16/2021 19:30,25.902,71644.9,,,,,
12,7/16/2021 19:45,25.513,71644.9,,,,,
13,7/16/2021 20:00,24.931,71644.9,,,,,
14,7/16/2021 20:15,24.448,71644.9,,,,,
15,7/16/2021 20:30,23.966,71644.9,,,,,
16,7/16/2021 20:45,23.581,71644.9,,,,,
17,7/16/2021 21:00,23.292,71644.9,,,,,
18,7/16/2021 21:15,23.004,71644.9,,,,,
19,7/16/2021 21:30,22.812,71644.9,,,,,
20,7/16/2021 21:45,22.621,71644.9,,,,,
21,7/16/2021 22:00,22.429,71644.9,,,,,
22,7/16/2021 22:15,22.333,74400.5,,,,,
23,7/16/2021 22:30,22.238,71644.9,,,,,
24,7/16/2021 22:45,22.142,74400.5,,,,,
25,7/16/2021 23:00,22.142,74400.5,,,,,
26,7/16/2021 23:15,22.046,74400.5,,,,,
27,7/16/2021 23:30,22.046,74400.5,,,,,
28,7/16/2021 23:45,22.046,74400.5,,,,,
29,7/17/2021 0:00,21.855,74400.5,,,,,
30,7/17/2021 0:15,21.76,74400.5,,,,,
31,7/17/2021 0:30,21.76,74400.5,,,,,
32,7/17/2021 0:45,21.855,74400.5,,,,,
33,7/17/2021 1:00,22.142,74400.5,,,,,
34,7/17/2021 1:15,22.238,74400.5,,,,,
35,7/17/2021 1:30,22.238,74400.5,,,,,
36,7/17/2021 1:45,22.238,74400.5,,,,,
37,7/17/2021 2:00,22.238,74400.5,,,,,
38,7/17/2021 2:15,22.238,77156.1,,,,,
39,7/17/2021 2:30,22.142,44089.2,,,,,
40,7/17/2021 2:45,21.569,16533.4,,,,,
41,7/17/2021 3:00,21.378,16533.4,,,,,
42,7/17/2021 3:15,21.473,18600.1,,,,,
43,7/17/2021 3:30,21.282,19977.9,,,,,
44,7/17/2021 3:45,21.187,21355.7,,,,,
45,7/17/2021 4:00,21.187,23422.4,,,,,
46,7/17/2021 4:15,21.091,26178,,,,,
47,7/17/2021 4:30,21.091,28933.5,,,,,
48,7/17/2021 4:45,21.187,33066.9,,,,,
49,7/17/2021 5:00,21.187,34444.7,,,,,
50,7/17/2021 5:15,21.187,37200.2,,,,,
51,7/17/2021 5:30,21.282,41333.6,,,,,
52,7/17/2021 5:45,21.282,44089.2,,,,,
53,7/17/2021 6:00,21.282,46844.8,,,,,
54,7/17/2021 6:15,21.282,49600.3,,,,,
55,7/17/2021 6:30,21.282,52355.9,,,,,
56,7/17/2021 6:45,21.282,55111.5,,,,,
57,7/17/2021 7:00,21.282,57867,,,,,
58,7/17/2021 7:15,21.282,57867,,,,,
59,7/17/2021 7:30,21.282,60622.6,,,,,
60,7/17/2021 7:45,21.378,63378.2,,,,,
61,7/17/2021 8:00,21.378,63378.2,,,,,
62,7/17/2021 8:15,21.378,66133.8,,,,,
63,7/17/2021 8:30,21.473,66133.8,,,,,
64,7/17/2021 8:45,21.473,68889.3,,,,,
65,7/17/2021 9:00,21.569,68889.3,,,,,
66,7/17/2021 9:15,21.664,68889.3,,,,,
67,7/17/2021 9:30,21.76,71644.9,,,,,
68,7/17/2021 9:45,22.046,71644.9,,,,,
69,7/17/2021 10:00,22.142,71644.9,,,,,
70,7/17/2021 10:15,22.429,74400.5,,,,,
71,7/17/2021 10:30,22.717,74400.5,,,,,
72,7/17/2021 10:45,22.812,74400.5,,,,,
73,7/17/2021 11:00,23.004,77156.1,,,,,
74,7/17/2021 11:15,23.292,77156.1,,,,,
75,7/17/2021 11:30,23.581,77156.1,,,,,
76,7/17/2021 11:45,24.158,77156.1,,,,,
77,7/17/2021 12:00,24.158,79911.6,,,,,
78,7/17/2021 12:15,23.869,79911.6,,,,,
79,7/17/2021 12:30,23.773,79911.6,,,,,
80,7/17/2021 12:45,23.773,79911.6,,,,,
81,7/17/2021 13:00,24.062,79911.6,,,,,
82,7/17/2021 13:15,24.448,79911.6,,,,,
83,7/17/2021 13:30,24.835,79911.6,,,,,
84,7/17/2021 13:45,25.125,82667.2,,,,,
85,7/17/2021 14:00,25.416,82667.2,,,,,
86,7/17/2021 14:15,25.708,82667.2,,,,,
87,7/17/2021 14:30,26,82667.2,,,,,
88,7/17/2021 14:45,26.683,85422.8,,,,,
89,7/17/2021 15:00,27.272,85422.8,,,,,
90,7/17/2021 15:15,27.37,85422.8,,,,,
91,7/17/2021 15:30,27.173,85422.8,,,,,
92,7/17/2021 15:45,27.075,85422.8,,,,,
93,7/17/2021 16:00,27.567,85422.8,,,,,
94,7/17/2021 16:15,28.159,85422.8,,,,,
95,7/17/2021 16:30,28.456,88178.4,,,,,
96,7/17/2021 16:45,28.655,88178.4,,,,,
97,7/17/2021 17:00,28.853,88178.4,,,,,
98,7/17/2021 17:15,28.853,88178.4,,,,,
99,7/17/2021 17:30,28.655,88178.4,,,,,
100,7/17/2021 17:45,28.456,88178.4,,,,,
101,7/17/2021 18:00,28.357,88178.4,,,,,
102,7/17/2021 18:15,28.06,85422.8,,,,,
103,7/17/2021 18:30,27.764,85422.8,,,,,
104,7/17/2021 18:45,27.468,85422.8,,,,,
105,7/17/2021 19:00,26.879,85422.8,,,,,
106,7/17/2021 19:15,26.585,85422.8,,,,,
107,7/17/2021 19:30,26.195,85422.8,,,,,
108,7/17/2021 19:45,25.805,85422.8,,,,,
109,7/17/2021 20:00,25.319,85422.8,,,,,
110,7/17/2021 20:15,24.931,82667.2,,,,,
111,7/17/2021 20:30,24.545,82667.2,,,,,
112,7/17/2021 20:45,24.255,82667.2,,,,,
113,7/17/2021 21:00,23.869,82667.2,,,,,
114,7/17/2021 21:15,23.581,82667.2,,,,,
115,7/17/2021 21:30,23.292,82667.2,,,,,
116,7/17/2021 21:45,23.004,82667.2,,,,,
117,7/17/2021 22:00,22.812,82667.2,,,,,
118,7/17/2021 22:15,22.525,82667.2,,,,,
119,7/17/2021 22:30,22.333,82667.2,,,,,
120,7/17/2021 22:45,22.142,82667.2,,,,,
121,7/17/2021 23:00,22.142,82667.2,,,,,
122,7/17/2021 23:15,21.951,82667.2,,,,,
123,7/17/2021 23:30,21.855,82667.2,,,,,
124,7/17/2021 23:45,21.664,82667.2,,,,,
125,7/18/2021 0:00,21.569,82667.2,,,,,
126,7/18/2021 0:15,21.473,82667.2,,,,,
127,7/18/2021 0:30,21.378,82667.2,,,,,
128,7/18/2021 0:45,21.187,82667.2,,,,,
129,7/18/2021 1:00,21.187,82667.2,,,,,
130,7/18/2021 1:15,21.091,79911.6,,,,,
131,7/18/2021 1:30,21.091,79911.6,,,,,
132,7/18/2021 1:45,20.996,79911.6,,,,,
133,7/18/2021 2:00,20.901,79911.6,,,,,
134,7/18/2021 2:15,20.805,79911.6,,,,,
135,7/18/2021 2:30,20.71,79911.6,,,,,
136,7/18/2021 2:45,20.71,79911.6,,,,,
137,7/18/2021 3:00,20.615,79911.6,,,,,
138,7/18/2021 3:15,20.519,79911.6,,,,,
139,7/18/2021 3:30,20.424,79911.6,,,,,
140,7/18/2021 3:45,20.424,79911.6,,,,,
141,7/18/2021 4:00,20.329,79911.6,,,,,
142,7/18/2021 4:15,20.329,79911.6,,,,,
143,7/18/2021 4:30,20.329,79911.6,,,,,
144,7/18/2021 4:45,20.234,79911.6,,,,,
145,7/18/2021 5:00,20.138,79911.6,,,,,
146,7/18/2021 5:15,20.138,79911.6,,,,,
147,7/18/2021 5:30,20.138,79911.6,,,,,
148,7/18/2021 5:45,20.138,79911.6,,,,,
149,7/18/2021 6:00,20.234,79911.6,,,,,
150,7/18/2021 6:15,20.234,79911.6,,,,,
151,7/18/2021 6:30,20.329,79911.6,,,,,
152,7/18/2021 6:45,20.424,82667.2,,,,,
153,7/18/2021 7:00,20.519,82667.2,,,,,
154,7/18/2021 7:15,20.615,82667.2,,,,,
155,7/18/2021 7:30,20.615,82667.2,,,,,
156,7/18/2021 7:45,20.71,82667.2,,,,,
157,7/18/2021 8:00,20.805,82667.2,,,,,
158,7/18/2021 8:15,20.901,82667.2,,,,,
159,7/18/2021 8:30,20.901,82667.2,,,,,
160,7/18/2021 8:45,21.091,82667.2,,,,,
161,7/18/2021 9:00,21.187,82667.2,,,,,
162,7/18/2021 9:15,21.378,82667.2,,,,,
163,7/18/2021 9:30,21.569,82667.2,,,,,
164,7/18/2021 9:45,21.76,82667.2,,,,,
165,7/18/2021 10:00,22.046,82667.2,,,,,
166,7/18/2021 10:15,22.142,85422.8,,,,,
167,7/18/2021 10:30,22.333,85422.8,,,,,
168,7/18/2021 10:45,22.621,85422.8,,,,,
169,7/18/2021 11:00,23.004,88178.4,,,,,
170,7/18/2021 11:15,23.292,88178.4,,,,,
171,7/18/2021 11:30,23.966,88178.4,,,,,
172,7/18/2021 11:45,24.448,88178.4,,,,,
173,7/18/2021 12:00,24.931,88178.4,,,,,
174,7/18/2021 12:15,25.513,88178.4,,,,,
175,7/18/2021 12:30,25.805,88178.4,,,,,
176,7/18/2021 12:45,26.488,88178.4,,,,,
177,7/18/2021 13:00,26.683,88178.4,,,,,
178,7/18/2021 13:15,27.075,88178.4,,,,,
179,7/18/2021 13:30,27.567,88178.4,,,,,
180,7/18/2021 13:45,27.862,88178.4,,,,,
181,7/18/2021 14:00,28.159,88178.4,,,,,
182,7/18/2021 14:15,28.555,93689.5,,,,,
183,7/18/2021 14:30,28.456,88178.4,,,,,
184,7/18/2021 14:45,28.655,88178.4,,,,,
185,7/18/2021 15:00,29.053,93689.5,,,,,
186,7/18/2021 15:15,29.252,93689.5,,,,,
187,7/18/2021 15:30,29.152,93689.5,,,,,
188,7/18/2021 15:45,29.452,88178.4,,,,,
189,7/18/2021 16:00,29.452,88178.4,,,,,
190,7/18/2021 16:15,29.652,88178.4,,,,,
191,7/18/2021 16:30,29.552,88178.4,,,,,
192,7/18/2021 16:45,29.352,88178.4,,,,,
193,7/18/2021 17:00,28.853,88178.4,,,,,
194,7/18/2021 17:15,28.853,88178.4,,,,,
195,7/18/2021 17:30,28.655,88178.4,,,,,
196,7/18/2021 17:45,28.456,88178.4,,,,,
197,7/18/2021 18:00,27.862,88178.4,,,,,
198,7/18/2021 18:15,27.665,88178.4,,,,,
199,7/18/2021 18:30,27.173,88178.4,,,,,
200,7/18/2021 18:45,26.977,88178.4,,,,,
201,7/18/2021 19:00,26.585,85422.8,,,,,
202,7/18/2021 19:15,26.292,85422.8,,,,,
203,7/18/2021 19:30,25.902,88178.4,,,,,
204,7/18/2021 19:45,25.513,88178.4,,,,,
205,7/18/2021 20:00,25.222,88178.4,,,,,
206,7/18/2021 20:15,24.835,88178.4,,,,,
207,7/18/2021 20:30,24.545,88178.4,,,,,
208,7/18/2021 20:45,24.255,85422.8,,,,,
209,7/18/2021 21:00,23.869,85422.8,,,,,
210,7/18/2021 21:15,23.581,85422.8,,,,,
211,7/18/2021 21:30,23.388,85422.8,,,,,
212,7/18/2021 21:45,23.1,85422.8,,,,,
213,7/18/2021 22:00,22.812,85422.8,,,,,
214,7/18/2021 22:15,22.621,85422.8,,,,,
215,7/18/2021 22:30,22.429,85422.8,,,,,
216,7/18/2021 22:45,22.238,85422.8,,,,,
217,7/18/2021 23:00,22.046,85422.8,,,,,
218,7/18/2021 23:15,21.855,85422.8,,,,,
219,7/18/2021 23:30,21.76,85422.8,,,,,
220,7/18/2021 23:45,21.569,85422.8,,,,,
221,7/19/2021 0:00,21.473,85422.8,,,,,
222,7/19/2021 0:15,21.473,85422.8,,,,,
223,7/19/2021 0:30,21.473,85422.8,,,,,
224,7/19/2021 0:45,21.378,85422.8,,,,,
225,7/19/2021 1:00,21.282,85422.8,,,,,
226,7/19/2021 1:15,21.187,85422.8,,,,,
227,7/19/2021 1:30,21.091,85422.8,,,,,
228,7/19/2021 1:45,20.901,85422.8,,,,,
229,7/19/2021 2:00,20.805,85422.8,,,,,
230,7/19/2021 2:15,20.71,82667.2,,,,,
231,7/19/2021 2:30,20.615,82667.2,,,,,
232,7/19/2021 2:45,20.519,82667.2,,,,,
233,7/19/2021 3:00,20.424,82667.2,,,,,
234,7/19/2021 3:15,20.329,82667.2,,,,,
235,7/19/2021 3:30,20.234,82667.2,,,,,
236,7/19/2021 3:45,20.138,82667.2,,,,,
237,7/19/2021 4:00,20.043,82667.2,,,,,
238,7/19/2021 4:15,19.948,82667.2,,,,,
239,7/19/2021 4:30,19.853,82667.2,,,,,
240,7/19/2021 4:45,19.853,82667.2,,,,,
241,7/19/2021 5:00,19.662,82667.2,,,,,
242,7/19/2021 5:15,19.662,82667.2,,,,,
243,7/19/2021 5:30,19.567,82667.2,,,,,
244,7/19/2021 5:45,19.472,82667.2,,,,,
245,7/19/2021 6:00,19.472,82667.2,,,,,
246,7/19/2021 6:15,19.377,82667.2,,,,,
247,7/19/2021 6:30,19.282,82667.2,,,,,
248,7/19/2021 6:45,19.282,82667.2,,,,,
249,7/19/2021 7:00,19.282,82667.2,,,,,
250,7/19/2021 7:15,19.377,82667.2,,,,,
251,7/19/2021 7:30,19.377,82667.2,,,,,
252,7/19/2021 7:45,19.567,82667.2,,,,,
253,7/19/2021 8:00,19.662,82667.2,,,,,
254,7/19/2021 8:15,19.853,82667.2,,,,,
255,7/19/2021 8:30,20.138,82667.2,,,,,
256,7/19/2021 8:45,20.329,82667.2,,,,,
257,7/19/2021 9:00,20.71,85422.8,,,,,
258,7/19/2021 9:15,20.996,85422.8,,,,,
259,7/19/2021 9:30,21.378,85422.8,,,,,
260,7/19/2021 9:45,21.855,85422.8,,,,,
261,7/19/2021 10:00,22.238,85422.8,,,,,
262,7/19/2021 10:15,22.717,85422.8,,,,,
263,7/19/2021 10:30,23.196,88178.4,,,,,
264,7/19/2021 10:45,23.677,88178.4,,,,,
265,7/19/2021 11:00,24.255,88178.4,,,,,
266,7/19/2021 11:15,24.738,88178.4,,,,,
267,7/19/2021 11:30,25.222,88178.4,,,,,
268,7/19/2021 11:45,25.61,88178.4,,,,,
269,7/19/2021 12:00,25.61,88178.4,,,,,
270,7/19/2021 12:15,26,88178.4,,,,,
271,7/19/2021 12:30,26.292,88178.4,,,,,
272,7/19/2021 12:45,26.781,88178.4,,,,,
273,7/19/2021 13:00,27.075,88178.4,,,,,
274,7/19/2021 13:15,27.468,88178.4,,,,,
275,7/19/2021 13:30,27.862,88178.4,,,,,
276,7/19/2021 13:45,27.764,88178.4,,,,,
277,7/19/2021 14:00,27.961,88178.4,,,,,
278,7/19/2021 14:15,28.159,88178.4,,,,,
279,7/19/2021 14:30,27.862,88178.4,,,,,
280,7/19/2021 14:45,27.961,88178.4,,,,,
281,7/19/2021 15:00,28.258,88178.4,,,,,
282,7/19/2021 15:15,28.456,88178.4,,,,,
283,7/19/2021 15:30,28.555,88178.4,,,,,
284,7/19/2021 15:45,28.357,88178.4,,,,,
285,7/19/2021 16:00,28.456,88178.4,,,,,
286,7/19/2021 16:15,28.357,88178.4,,,,,
287,7/19/2021 16:30,28.357,85422.8,,,,,
288,7/19/2021 16:45,28.06,85422.8,,,,,
289,7/19/2021 17:00,27.961,88178.4,,,,,
290,7/19/2021 17:15,27.764,88178.4,,,,,
291,7/19/2021 17:30,27.567,88178.4,,,,,
292,7/19/2021 17:45,27.468,88178.4,,,,,
293,7/19/2021 18:00,27.272,88178.4,,,,,
294,7/19/2021 18:15,26.977,88178.4,,,,,
295,7/19/2021 18:30,26.781,88178.4,,,,,
296,7/19/2021 18:45,26.488,88178.4,,,,,
297,7/19/2021 19:00,26.097,88178.4,,,,,
298,7/19/2021 19:15,25.708,88178.4,,,,,
299,7/19/2021 19:30,25.416,88178.4,,,,,
300,7/19/2021 19:45,25.125,88178.4,,,,,
301,7/19/2021 20:00,24.738,88178.4,,,,,
302,7/19/2021 20:15,24.255,88178.4,,,,,
303,7/19/2021 20:30,23.869,88178.4,,,,,
304,7/19/2021 20:45,23.484,88178.4,,,,,
305,7/19/2021 21:00,23.1,85422.8,,,,,
306,7/19/2021 21:15,22.812,85422.8,,,,,
307,7/19/2021 21:30,22.429,85422.8,,,,,
308,7/19/2021 21:45,22.238,85422.8,,,,,
309,7/19/2021 22:00,21.951,85422.8,,,,,
310,7/19/2021 22:15,21.76,85422.8,,,,,
311,7/19/2021 22:30,21.569,85422.8,,,,,
312,7/19/2021 22:45,21.378,85422.8,,,,,
313,7/19/2021 23:00,21.187,85422.8,,,,,
314,7/19/2021 23:15,20.996,85422.8,,,,,
315,7/19/2021 23:30,20.901,85422.8,,,,,
316,7/19/2021 23:45,20.71,85422.8,,,,,
317,7/20/2021 0:00,20.615,85422.8,,,,,
318,7/20/2021 0:15,20.519,85422.8,,,,,
319,7/20/2021 0:30,20.329,85422.8,,,,,
320,7/20/2021 0:45,20.234,85422.8,,,,,
321,7/20/2021 1:00,20.138,85422.8,,,,,
322,7/20/2021 1:15,20.043,85422.8,,,,,
323,7/20/2021 1:30,20.043,85422.8,,,,,
324,7/20/2021 1:45,19.948,82667.2,,,,,
325,7/20/2021 2:00,19.853,82667.2,,,,,
326,7/20/2021 2:15,19.758,82667.2,,,,,
327,7/20/2021 2:30,19.758,82667.2,,,,,
328,7/20/2021 2:45,19.662,82667.2,,,,,
329,7/20/2021 3:00,19.662,82667.2,,,,,
330,7/20/2021 3:15,19.567,82667.2,,,,,
331,7/20/2021 3:30,19.567,82667.2,,,,,
332,7/20/2021 3:45,19.472,82667.2,,,,,
333,7/20/2021 4:00,19.472,82667.2,,,,,
334,7/20/2021 4:15,19.377,82667.2,,,,,
335,7/20/2021 4:30,19.377,82667.2,,,,,
336,7/20/2021 4:45,19.377,82667.2,,,,,
337,7/20/2021 5:00,19.282,82667.2,,,,,
338,7/20/2021 5:15,19.282,82667.2,,,,,
339,7/20/2021 5:30,19.187,82667.2,,,,,
340,7/20/2021 5:45,19.187,82667.2,,,,,
341,7/20/2021 6:00,19.092,82667.2,,,,,
342,7/20/2021 6:15,19.092,82667.2,,,,,
343,7/20/2021 6:30,18.996,82667.2,,,,,
344,7/20/2021 6:45,18.996,82667.2,,,,,
345,7/20/2021 7:00,18.996,82667.2,,,,,
346,7/20/2021 7:15,19.092,82667.2,,,,,
347,7/20/2021 7:30,19.187,82667.2,,,,,
348,7/20/2021 7:45,19.377,82667.2,,,,,
349,7/20/2021 8:00,19.567,85422.8,,,,,
350,7/20/2021 8:15,19.758,85422.8,,,,,
351,7/20/2021 8:30,20.043,85422.8,,,,,
352,7/20/2021 8:45,20.329,85422.8,,,,,
353,7/20/2021 9:00,20.615,85422.8,,,,,
354,7/20/2021 9:15,20.996,85422.8,,,,,
355,7/20/2021 9:30,21.378,85422.8,,,,,
356,7/20/2021 9:45,21.76,88178.4,,,,,
357,7/20/2021 10:00,22.238,88178.4,,,,,
358,7/20/2021 10:15,22.621,88178.4,,,,,
359,7/20/2021 10:30,23.196,88178.4,,,,,
360,7/20/2021 10:45,23.677,88178.4,,,,,
361,7/20/2021 11:00,24.062,88178.4,,,,,
362,7/20/2021 11:15,24.448,88178.4,,,,,
363,7/20/2021 11:30,24.641,88178.4,,,,,
364,7/20/2021 11:45,25.222,88178.4,,,,,
365,7/20/2021 12:00,25.708,88178.4,,,,,
366,7/20/2021 12:15,26.097,88178.4,,,,,
367,7/20/2021 12:30,26.39,88178.4,,,,,
368,7/20/2021 12:45,26.195,88178.4,,,,,
369,7/20/2021 13:00,26.879,88178.4,,,,,
370,7/20/2021 13:15,27.173,88178.4,,,,,
371,7/20/2021 13:30,27.567,88178.4,,,,,
372,7/20/2021 13:45,27.468,88178.4,,,,,
373,7/20/2021 14:00,27.862,88178.4,,,,,
374,7/20/2021 14:15,27.961,88178.4,,,,,
375,7/20/2021 14:30,28.357,88178.4,,,,,
376,7/20/2021 14:45,28.555,88178.4,,,,,
377,7/20/2021 15:00,28.555,88178.4,,,,,
378,7/20/2021 15:15,28.655,88178.4,,,,,
379,7/20/2021 15:30,28.655,88178.4,,,,,
380,7/20/2021 15:45,28.953,88178.4,,,,,
381,7/20/2021 16:00,28.853,88178.4,,,,,
382,7/20/2021 16:15,28.853,88178.4,,,,,
383,7/20/2021 16:30,28.853,88178.4,,,,,
384,7/20/2021 16:45,28.258,88178.4,,,,,
385,7/20/2021 17:00,27.961,88178.4,,,,,
386,7/20/2021 17:15,27.961,88178.4,,,,,
387,7/20/2021 17:30,27.862,88178.4,,,,,
388,7/20/2021 17:45,27.665,88178.4,,,,,
389,7/20/2021 18:00,27.567,88178.4,,,,,
390,7/20/2021 18:15,27.272,88178.4,,,,,
391,7/20/2021 18:30,26.879,88178.4,,,,,
392,7/20/2021 18:45,26.683,88178.4,,,,,
393,7/20/2021 19:00,26.39,88178.4,,,,,
394,7/20/2021 19:15,26,88178.4,,,,,
395,7/20/2021 19:30,25.61,88178.4,,,,,
396,7/20/2021 19:45,25.222,88178.4,,,,,
397,7/20/2021 20:00,24.835,88178.4,,,,,
398,7/20/2021 20:15,24.448,88178.4,,,,,
399,7/20/2021 20:30,24.158,88178.4,,,,,
400,7/20/2021 20:45,23.773,88178.4,,,,,
401,7/20/2021 21:00,23.388,88178.4,,,,,
402,7/20/2021 21:15,23.1,88178.4,,,,,
403,7/20/2021 21:30,22.812,88178.4,,,,,
404,7/20/2021 21:45,22.621,85422.8,,,,,
405,7/20/2021 22:00,22.333,85422.8,,,,,
406,7/20/2021 22:15,22.142,85422.8,,,,,
407,7/20/2021 22:30,21.855,85422.8,,,,,
408,7/20/2021 22:45,21.664,85422.8,,,,,
409,7/20/2021 23:00,21.473,85422.8,,,,,
410,7/20/2021 23:15,21.378,85422.8,,,,,
411,7/20/2021 23:30,21.187,85422.8,,,,,
412,7/20/2021 23:45,20.996,85422.8,,,,,
413,7/21/2021 0:00,20.901,85422.8,,,,,
414,7/21/2021 0:15,20.71,85422.8,,,,,
415,7/21/2021 0:30,20.615,85422.8,,,,,
416,7/21/2021 0:45,20.519,85422.8,,,,,
417,7/21/2021 1:00,20.329,85422.8,,,,,
418,7/21/2021 1:15,20.234,85422.8,,,,,
419,7/21/2021 1:30,20.234,85422.8,,,,,
420,7/21/2021 1:45,20.138,85422.8,,,,,
421,7/21/2021 2:00,20.043,85422.8,,,,,
422,7/21/2021 2:15,19.948,85422.8,,,,,
423,7/21/2021 2:30,19.853,85422.8,,,,,
424,7/21/2021 2:45,19.758,85422.8,,,,,
425,7/21/2021 3:00,19.758,85422.8,,,,,
426,7/21/2021 3:15,19.662,85422.8,,,,,
427,7/21/2021 3:30,19.567,85422.8,,,,,
428,7/21/2021 3:45,19.567,85422.8,,,,,
429,7/21/2021 4:00,19.472,85422.8,,,,,
430,7/21/2021 4:15,19.472,85422.8,,,,,
431,7/21/2021 4:30,19.377,85422.8,,,,,
432,7/21/2021 4:45,19.377,85422.8,,,,,
433,7/21/2021 5:00,19.282,85422.8,,,,,
434,7/21/2021 5:15,19.282,85422.8,,,,,
435,7/21/2021 5:30,19.187,85422.8,,,,,
436,7/21/2021 5:45,19.187,85422.8,,,,,
437,7/21/2021 6:00,19.187,85422.8,,,,,
438,7/21/2021 6:15,19.187,85422.8,,,,,
439,7/21/2021 6:30,19.092,85422.8,,,,,
440,7/21/2021 6:45,19.092,85422.8,,,,,
441,7/21/2021 7:00,19.187,85422.8,,,,,
442,7/21/2021 7:15,19.282,85422.8,,,,,
443,7/21/2021 7:30,19.377,85422.8,,,,,
444,7/21/2021 7:45,19.567,85422.8,,,,,
445,7/21/2021 8:00,19.853,85422.8,,,,,
446,7/21/2021 8:15,20.043,85422.8,,,,,
447,7/21/2021 8:30,20.329,85422.8,,,,,
448,7/21/2021 8:45,20.615,85422.8,,,,,
449,7/21/2021 9:00,20.901,85422.8,,,,,
450,7/21/2021 9:15,21.187,85422.8,,,,,
451,7/21/2021 9:30,21.569,85422.8,,,,,
452,7/21/2021 9:45,21.951,88178.4,,,,,
453,7/21/2021 10:00,22.333,88178.4,,,,,
454,7/21/2021 10:15,22.812,88178.4,,,,,
455,7/21/2021 10:30,23.292,88178.4,,,,,
456,7/21/2021 10:45,23.869,88178.4,,,,,
457,7/21/2021 11:00,24.158,88178.4,,,,,
458,7/21/2021 11:15,24.255,88178.4,,,,,
459,7/21/2021 11:30,24.641,88178.4,,,,,
460,7/21/2021 11:45,25.125,88178.4,,,,,
461,7/21/2021 12:00,25.416,88178.4,,,,,
462,7/21/2021 12:15,25.708,88178.4,,,,,
463,7/21/2021 12:30,26.292,88178.4,,,,,
464,7/21/2021 12:45,26.39,88178.4,,,,,
465,7/21/2021 13:00,26.683,88178.4,,,,,
466,7/21/2021 13:15,26.781,88178.4,,,,,
467,7/21/2021 13:30,26.781,88178.4,,,,,
468,7/21/2021 13:45,26.977,88178.4,,,,,
469,7/21/2021 14:00,27.567,88178.4,,,,,
470,7/21/2021 14:15,27.764,88178.4,,,,,
471,7/21/2021 14:30,28.357,88178.4,,,,,
472,7/21/2021 14:45,28.655,88178.4,,,,,
473,7/21/2021 15:00,28.754,88178.4,,,,,
474,7/21/2021 15:15,28.754,88178.4,,,,,
475,7/21/2021 15:30,28.555,88178.4,,,,,
476,7/21/2021 15:45,28.853,88178.4,,,,,
477,7/21/2021 16:00,28.853,88178.4,,,,,
478,7/21/2021 16:15,28.853,88178.4,,,,,
479,7/21/2021 16:30,28.853,88178.4,,,,,
480,7/21/2021 16:45,28.655,88178.4,,,,,
481,7/21/2021 17:00,28.357,88178.4,,,,,
482,7/21/2021 17:15,28.258,88178.4,,,,,
483,7/21/2021 17:30,27.665,85422.8,,,,,
484,7/21/2021 17:45,27.468,85422.8,,,,,
485,7/21/2021 18:00,27.567,85422.8,,,,,
486,7/21/2021 18:15,27.272,85422.8,,,,,
487,7/21/2021 18:30,26.781,82667.2,,,,,
488,7/21/2021 18:45,26.585,82667.2,,,,,
489,7/21/2021 19:00,26.488,79911.6,,,,,
490,7/21/2021 19:15,25.902,79911.6,,,,,
491,7/21/2021 19:30,25.61,79911.6,,,,,
492,7/21/2021 19:45,25.513,79911.6,,,,,
493,7/21/2021 20:00,25.125,79911.6,,,,,
494,7/21/2021 20:15,24.738,79911.6,,,,,
495,7/21/2021 20:30,24.545,79911.6,,,,,
496,7/21/2021 20:45,24.255,79911.6,,,,,
497,7/21/2021 21:00,23.966,79911.6,,,,,
498,7/21/2021 21:15,23.677,79911.6,,,,,
499,7/21/2021 21:30,23.388,79911.6,,,,,
500,7/21/2021 21:45,23.1,79911.6,,,,,
501,7/21/2021 22:00,22.908,79911.6,,,,,
502,7/21/2021 22:15,22.621,79911.6,,,,,
503,7/21/2021 22:30,22.429,79911.6,,,,,
504,7/21/2021 22:45,22.238,79911.6,,,,,
505,7/21/2021 23:00,22.142,79911.6,,,,,
506,7/21/2021 23:15,21.951,79911.6,,,,,
507,7/21/2021 23:30,21.76,79911.6,,,,,
508,7/21/2021 23:45,21.569,79911.6,,,,,
509,7/22/2021 0:00,21.473,79911.6,,,,,
510,7/22/2021 0:15,21.282,79911.6,,,,,
511,7/22/2021 0:30,21.187,79911.6,,,,,
512,7/22/2021 0:45,21.091,79911.6,,,,,
513,7/22/2021 1:00,20.901,79911.6,,,,,
514,7/22/2021 1:15,20.805,79911.6,,,,,
515,7/22/2021 1:30,20.71,79911.6,,,,,
516,7/22/2021 1:45,20.615,79911.6,,,,,
517,7/22/2021 2:00,20.519,79911.6,,,,,
518,7/22/2021 2:15,20.424,79911.6,,,,,
519,7/22/2021 2:30,20.329,79911.6,,,,,
520,7/22/2021 2:45,20.234,79911.6,,,,,
521,7/22/2021 3:00,20.138,79911.6,,,,,
522,7/22/2021 3:15,20.043,79911.6,,,,,
523,7/22/2021 3:30,19.948,79911.6,,,,,
524,7/22/2021 3:45,19.853,79911.6,,,,,
525,7/22/2021 4:00,19.853,79911.6,,,,,
526,7/22/2021 4:15,19.758,79911.6,,,,,
527,7/22/2021 4:30,19.662,79911.6,,,,,
528,7/22/2021 4:45,19.567,79911.6,,,,,
529,7/22/2021 5:00,19.567,79911.6,,,,,
530,7/22/2021 5:15,19.472,79911.6,,,,,
531,7/22/2021 5:30,19.377,79911.6,,,,,
532,7/22/2021 5:45,19.377,79911.6,,,,,
533,7/22/2021 6:00,19.282,79911.6,,,,,
534,7/22/2021 6:15,19.187,79911.6,,,,,
535,7/22/2021 6:30,19.187,79911.6,,,,,
536,7/22/2021 6:45,19.187,79911.6,,,,,
537,7/22/2021 7:00,19.187,79911.6,,,,,
538,7/22/2021 7:15,19.282,79911.6,,,,,
539,7/22/2021 7:30,19.377,79911.6,,,,,
540,7/22/2021 7:45,19.472,79911.6,,,,,
541,7/22/2021 8:00,19.758,79911.6,,,,,
542,7/22/2021 8:15,19.948,79911.6,,,,,
543,7/22/2021 8:30,20.234,79911.6,,,,,
544,7/22/2021 8:45,20.519,79911.6,,,,,
545,7/22/2021 9:00,20.805,79911.6,,,,,
546,7/22/2021 9:15,21.187,79911.6,,,,,
547,7/22/2021 9:30,21.569,79911.6,,,,,
548,7/22/2021 9:45,21.951,79911.6,,,,,
549,7/22/2021 10:00,22.238,79911.6,,,,,
550,7/22/2021 10:15,22.621,79911.6,,,,,
551,7/22/2021 10:30,23.004,79911.6,,,,,
552,7/22/2021 10:45,23.388,79911.6,,,,,
553,7/22/2021 11:00,23.869,79911.6,,,,,
554,7/22/2021 11:15,24.255,79911.6,,,,,
555,7/22/2021 11:30,24.641,85422.8,,,,,
556,7/22/2021 11:45,24.931,85422.8,,,,,
557,7/22/2021 12:00,25.416,88178.4,,,,,
558,7/22/2021 12:15,26,88178.4,,,,,
559,7/22/2021 12:30,26.39,88178.4,,,,,
560,7/22/2021 12:45,26.585,88178.4,,,,,
561,7/22/2021 13:00,26.879,88178.4,,,,,
562,7/22/2021 13:15,27.173,88178.4,,,,,
563,7/22/2021 13:30,27.37,93689.5,,,,,
564,7/22/2021 13:45,27.37,93689.5,,,,,
565,7/22/2021 14:00,27.468,93689.5,,,,,
566,7/22/2021 14:15,27.665,88178.4,,,,,
567,7/22/2021 14:30,27.567,88178.4,,,,,
568,7/22/2021 14:45,27.567,88178.4,,,,,
569,7/22/2021 15:00,27.764,88178.4,,,,,
570,7/22/2021 15:15,28.06,88178.4,,,,,
571,7/22/2021 15:30,28.06,88178.4,,,,,
572,7/22/2021 15:45,28.159,88178.4,,,,,
573,7/22/2021 16:00,28.159,88178.4,,,,,
574,7/22/2021 16:15,28.159,88178.4,,,,,
575,7/22/2021 16:30,27.862,88178.4,,,,,
576,7/22/2021 16:45,27.862,88178.4,,,,,
577,7/22/2021 17:00,27.764,88178.4,,,,,
578,7/22/2021 17:15,27.665,88178.4,,,,,
579,7/22/2021 17:30,27.468,88178.4,,,,,
580,7/22/2021 17:45,27.272,88178.4,,,,,
581,7/22/2021 18:00,26.977,88178.4,,,,,
582,7/22/2021 18:15,26.683,88178.4,,,,,
583,7/22/2021 18:30,26.488,88178.4,,,,,
584,7/22/2021 18:45,26.292,88178.4,,,,,
585,7/22/2021 19:00,25.902,88178.4,,,,,
586,7/22/2021 19:15,25.513,88178.4,,,,,
587,7/22/2021 19:30,25.125,88178.4,,,,,
588,7/22/2021 19:45,24.738,88178.4,,,,,
589,7/22/2021 20:00,24.351,88178.4,,,,,
590,7/22/2021 20:15,24.158,88178.4,,,,,
591,7/22/2021 20:30,23.869,88178.4,,,,,
592,7/22/2021 20:45,23.581,88178.4,,,,,
593,7/22/2021 21:00,23.292,88178.4,,,,,
594,7/22/2021 21:15,23.1,88178.4,,,,,
595,7/22/2021 21:30,22.908,88178.4,,,,,
596,7/22/2021 21:45,22.717,88178.4,,,,,
597,7/22/2021 22:00,22.525,88178.4,,,,,
598,7/22/2021 22:15,22.333,88178.4,,,,,
599,7/22/2021 22:30,22.238,88178.4,,,,,
600,7/22/2021 22:45,22.142,88178.4,,,,,
601,7/22/2021 23:00,21.951,88178.4,,,,,
602,7/22/2021 23:15,21.855,88178.4,,,,,
603,7/22/2021 23:30,21.76,88178.4,,,,,
604,7/22/2021 23:45,21.664,88178.4,,,,,
605,7/23/2021 0:00,21.569,88178.4,,,,,
606,7/23/2021 0:15,21.473,88178.4,,,,,
607,7/23/2021 0:30,21.378,88178.4,,,,,
608,7/23/2021 0:45,21.378,88178.4,,,,,
609,7/23/2021 1:00,21.282,88178.4,,,,,
610,7/23/2021 1:15,21.187,88178.4,,,,,
611,7/23/2021 1:30,21.091,88178.4,,,,,
612,7/23/2021 1:45,21.091,88178.4,,,,,
613,7/23/2021 2:00,20.996,88178.4,,,,,
614,7/23/2021 2:15,20.901,88178.4,,,,,
615,7/23/2021 2:30,20.805,88178.4,,,,,
616,7/23/2021 2:45,20.71,88178.4,,,,,
617,7/23/2021 3:00,20.71,88178.4,,,,,
618,7/23/2021 3:15,20.615,85422.8,,,,,
619,7/23/2021 3:30,20.519,85422.8,,,,,
620,7/23/2021 3:45,20.519,85422.8,,,,,
621,7/23/2021 4:00,20.519,85422.8,,,,,
622,7/23/2021 4:15,20.424,85422.8,,,,,
623,7/23/2021 4:30,20.424,85422.8,,,,,
624,7/23/2021 4:45,20.329,85422.8,,,,,
625,7/23/2021 5:00,20.329,85422.8,,,,,
626,7/23/2021 5:15,20.234,85422.8,,,,,
627,7/23/2021 5:30,20.234,85422.8,,,,,
628,7/23/2021 5:45,20.234,85422.8,,,,,
629,7/23/2021 6:00,20.138,85422.8,,,,,
630,7/23/2021 6:15,20.138,85422.8,,,,,
631,7/23/2021 6:30,20.138,85422.8,,,,,
632,7/23/2021 6:45,20.138,85422.8,,,,,
633,7/23/2021 7:00,20.138,85422.8,,,,,
634,7/23/2021 7:15,20.234,85422.8,,,,,
635,7/23/2021 7:30,20.424,85422.8,,,,,
636,7/23/2021 7:45,20.615,85422.8,,,,,
637,7/23/2021 8:00,20.805,85422.8,,,,,
638,7/23/2021 8:15,21.091,88178.4,,,,,
639,7/23/2021 8:30,21.378,88178.4,,,,,
640,7/23/2021 8:45,21.664,88178.4,,,,,
641,7/23/2021 9:00,22.046,88178.4,,,,,
642,7/23/2021 9:15,22.429,88178.4,,,,,
643,7/23/2021 9:30,22.812,88178.4,,,,,
644,7/23/2021 9:45,23.1,88178.4,,,,,
645,7/23/2021 10:00,23.484,88178.4,,,,,
646,7/23/2021 10:15,23.966,88178.4,,,,,
647,7/23/2021 10:30,24.351,88178.4,,,,,
648,7/23/2021 10:45,24.835,88178.4,,,,,
649,7/23/2021 11:00,25.319,88178.4,,,,,
650,7/23/2021 11:15,25.805,88178.4,,,,,
651,7/23/2021 11:30,26.292,93689.5,,,,,
652,7/23/2021 11:45,26.781,93689.5,,,,,
653,7/23/2021 12:00,26.781,88178.4,,,,,
654,7/23/2021 12:15,26.879,88178.4,,,,,
655,7/23/2021 12:30,26.683,88178.4,,,,,
656,7/23/2021 12:45,26.977,88178.4,,,,,
657,7/23/2021 13:00,27.075,88178.4,,,,,
658,7/23/2021 13:15,27.665,93689.5,,,,,
659,7/23/2021 13:30,28.06,93689.5,,,,,
660,7/23/2021 13:45,28.456,93689.5,,,,,
661,7/23/2021 14:00,28.655,88178.4,,,,,
662,7/23/2021 14:15,28.754,93689.5,,,,,
663,7/23/2021 14:30,28.953,93689.5,,,,,
664,7/23/2021 14:45,28.953,88178.4,,,,,
665,7/23/2021 15:00,28.853,88178.4,,,,,
666,7/23/2021 15:15,28.853,88178.4,,,,,
667,7/23/2021 15:30,29.053,88178.4,,,,,
668,7/23/2021 15:45,29.053,88178.4,,,,,
669,7/23/2021 16:00,29.152,88178.4,,,,,
670,7/23/2021 16:15,29.352,85422.8,,,,,
671,7/23/2021 16:30,29.252,85422.8,,,,,
672,7/23/2021 16:45,29.053,85422.8,,,,,
673,7/23/2021 17:00,28.754,85422.8,,,,,
674,7/23/2021 17:15,28.357,85422.8,,,,,
675,7/23/2021 17:30,28.357,85422.8,,,,,
676,7/23/2021 17:45,27.961,85422.8,,,,,
677,7/23/2021 18:00,27.764,85422.8,,,,,
678,7/23/2021 18:15,27.665,85422.8,,,,,
679,7/23/2021 18:30,27.37,82667.2,,,,,
680,7/23/2021 18:45,27.075,82667.2,,,,,
681,7/23/2021 19:00,26.683,82667.2,,,,,
682,7/23/2021 19:15,26.39,82667.2,,,,,
683,7/23/2021 19:30,26,82667.2,,,,,
684,7/23/2021 19:45,25.61,82667.2,,,,,
685,7/23/2021 20:00,25.319,82667.2,,,,,
686,7/23/2021 20:15,24.931,82667.2,,,,,
687,7/23/2021 20:30,24.738,82667.2,,,,,
688,7/23/2021 20:45,24.448,82667.2,,,,,
689,7/23/2021 21:00,24.158,82667.2,,,,,
690,7/23/2021 21:15,23.966,82667.2,,,,,
691,7/23/2021 21:30,23.773,82667.2,,,,,
692,7/23/2021 21:45,23.677,82667.2,,,,,
693,7/23/2021 22:00,23.484,82667.2,,,,,
694,7/23/2021 22:15,23.388,82667.2,,,,,
695,7/23/2021 22:30,23.292,82667.2,,,,,
696,7/23/2021 22:45,23.196,82667.2,,,,,
697,7/23/2021 23:00,23.196,85422.8,,,,,
698,7/23/2021 23:15,23.1,85422.8,,,,,
699,7/23/2021 23:30,23.004,85422.8,,,,,
700,7/23/2021 23:45,22.908,85422.8,,,,,
701,7/24/2021 0:00,22.908,85422.8,,,,,
702,7/24/2021 0:15,22.812,85422.8,,,,,
703,7/24/2021 0:30,22.717,85422.8,,,,,
704,7/24/2021 0:45,22.621,85422.8,,,,,
705,7/24/2021 1:00,22.525,85422.8,,,,,
706,7/24/2021 1:15,22.525,85422.8,,,,,
707,7/24/2021 1:30,22.429,85422.8,,,,,
708,7/24/2021 1:45,22.333,85422.8,,,,,
709,7/24/2021 2:00,22.238,85422.8,,,,,
710,7/24/2021 2:15,22.238,85422.8,,,,,
711,7/24/2021 2:30,22.046,85422.8,,,,,
712,7/24/2021 2:45,22.046,85422.8,,,,,
713,7/24/2021 3:00,21.951,85422.8,,,,,
714,7/24/2021 3:15,21.855,85422.8,,,,,
715,7/24/2021 3:30,21.76,85422.8,,,,,
716,7/24/2021 3:45,21.76,85422.8,,,,,
717,7/24/2021 4:00,21.664,85422.8,,,,,
718,7/24/2021 4:15,21.569,85422.8,,,,,
719,7/24/2021 4:30,21.473,85422.8,,,,,
720,7/24/2021 4:45,21.473,85422.8,,,,,
721,7/24/2021 5:00,21.378,85422.8,,,,,
722,7/24/2021 5:15,21.378,85422.8,,,,,
723,7/24/2021 5:30,21.378,85422.8,,,,,
724,7/24/2021 5:45,21.282,85422.8,,,,,
725,7/24/2021 6:00,21.282,85422.8,,,,,
726,7/24/2021 6:15,21.282,85422.8,,,,,
727,7/24/2021 6:30,21.282,85422.8,,,,,
728,7/24/2021 6:45,21.282,85422.8,,,,,
729,7/24/2021 7:00,21.378,85422.8,,,,,
730,7/24/2021 7:15,21.473,85422.8,,,,,
731,7/24/2021 7:30,21.664,85422.8,,,,,
732,7/24/2021 7:45,21.855,85422.8,,,,,
733,7/24/2021 8:00,22.046,85422.8,,,,,
734,7/24/2021 8:15,22.333,85422.8,,,,,
735,7/24/2021 8:30,22.525,85422.8,,,,,
736,7/24/2021 8:45,22.812,85422.8,,,,,
737,7/24/2021 9:00,23.1,85422.8,,,,,
738,7/24/2021 9:15,23.388,85422.8,,,,,
739,7/24/2021 9:30,23.677,85422.8,,,,,
740,7/24/2021 9:45,24.062,85422.8,,,,,
741,7/24/2021 10:00,24.448,85422.8,,,,,
742,7/24/2021 10:15,24.835,85422.8,,,,,
743,7/24/2021 10:30,25.222,85422.8,,,,,
744,7/24/2021 10:45,25.61,85422.8,,,,,
745,7/24/2021 11:00,26,85422.8,,,,,
746,7/24/2021 11:15,26.488,85422.8,,,,,
747,7/24/2021 11:30,26.977,88178.4,,,,,
748,7/24/2021 11:45,27.468,88178.4,,,,,
749,7/24/2021 12:00,28.06,88178.4,,,,,
750,7/24/2021 12:15,28.555,85422.8,,,,,
751,7/24/2021 12:30,28.953,85422.8,,,,,
752,7/24/2021 12:45,29.252,85422.8,,,,,
753,7/24/2021 13:00,29.652,82667.2,,,,,
754,7/24/2021 13:15,29.953,82667.2,,,,,
755,7/24/2021 13:30,30.255,79911.6,,,,,
756,7/24/2021 13:45,30.659,77156.1,,,,,
757,7/24/2021 14:00,30.862,77156.1,,,,,
758,7/24/2021 14:15,30.659,77156.1,,,,,
759,7/24/2021 14:30,30.963,77156.1,,,,,
760,7/24/2021 14:45,30.558,77156.1,,,,,
761,7/24/2021 15:00,30.659,77156.1,,,,,
762,7/24/2021 15:15,30.558,77156.1,,,,,
763,7/24/2021 15:30,30.862,74400.5,,,,,
764,7/24/2021 15:45,31.268,77156.1,,,,,
765,7/24/2021 16:00,31.268,74400.5,,,,,
766,7/24/2021 16:15,30.76,74400.5,,,,,
767,7/24/2021 16:30,30.963,74400.5,,,,,
768,7/24/2021 16:45,30.862,74400.5,,,,,
769,7/24/2021 17:00,30.558,74400.5,,,,,
770,7/24/2021 17:15,29.652,74400.5,,,,,
771,7/24/2021 17:30,28.159,74400.5,,,,,
772,7/24/2021 17:45,27.075,74400.5,,,,,
773,7/24/2021 18:00,27.468,74400.5,,,,,
774,7/24/2021 18:15,28.06,74400.5,,,,,
775,7/24/2021 18:30,28.555,74400.5,,,,,
776,7/24/2021 18:45,28.655,74400.5,,,,,
777,7/24/2021 19:00,28.258,74400.5,,,,,
778,7/24/2021 19:15,27.665,74400.5,,,,,
779,7/24/2021 19:30,27.272,74400.5,,,,,
780,7/24/2021 19:45,26.879,74400.5,,,,,
781,7/24/2021 20:00,26.488,74400.5,,,,,
782,7/24/2021 20:15,26,74400.5,,,,,
783,7/24/2021 20:30,25.61,74400.5,,,,,
784,7/24/2021 20:45,25.319,74400.5,,,,,
785,7/24/2021 21:00,25.125,74400.5,,,,,
786,7/24/2021 21:15,24.835,74400.5,,,,,
787,7/24/2021 21:30,24.641,74400.5,,,,,
788,7/24/2021 21:45,24.448,77156.1,,,,,
789,7/24/2021 22:00,24.351,77156.1,,,,,
790,7/24/2021 22:15,24.158,77156.1,,,,,
791,7/24/2021 22:30,24.062,77156.1,,,,,
792,7/24/2021 22:45,23.966,77156.1,,,,,
793,7/24/2021 23:00,23.869,77156.1,,,,,
794,7/24/2021 23:15,23.773,77156.1,,,,,
795,7/24/2021 23:30,23.677,77156.1,,,,,
796,7/24/2021 23:45,23.677,77156.1,,,,,
797,7/25/2021 0:00,23.581,77156.1,,,,,
798,7/25/2021 0:15,23.484,79911.6,,,,,
799,7/25/2021 0:30,23.388,79911.6,,,,,
800,7/25/2021 0:45,23.292,79911.6,,,,,
801,7/25/2021 1:00,23.292,79911.6,,,,,
802,7/25/2021 1:15,23.196,79911.6,,,,,
803,7/25/2021 1:30,23.1,79911.6,,,,,
804,7/25/2021 1:45,23.004,79911.6,,,,,
805,7/25/2021 2:00,23.004,79911.6,,,,,
806,7/25/2021 2:15,23.1,79911.6,,,,,
807,7/25/2021 2:30,23.1,79911.6,,,,,
808,7/25/2021 2:45,23.1,79911.6,,,,,
809,7/25/2021 3:00,23.1,79911.6,,,,,
810,7/25/2021 3:15,22.908,79911.6,,,,,
811,7/25/2021 3:30,22.908,79911.6,,,,,
812,7/25/2021 3:45,22.908,79911.6,,,,,
813,7/25/2021 4:00,23.004,79911.6,,,,,
814,7/25/2021 4:15,23.004,79911.6,,,,,
815,7/25/2021 4:30,22.908,79911.6,,,,,
816,7/25/2021 4:45,22.812,79911.6,,,,,
817,7/25/2021 5:00,22.812,79911.6,,,,,
818,7/25/2021 5:15,22.717,79911.6,,,,,
819,7/25/2021 5:30,22.621,79911.6,,,,,
820,7/25/2021 5:45,22.621,79911.6,,,,,
821,7/25/2021 6:00,22.525,79911.6,,,,,
822,7/25/2021 6:15,22.525,79911.6,,,,,
823,7/25/2021 6:30,22.429,79911.6,,,,,
824,7/25/2021 6:45,22.429,79911.6,,,,,
825,7/25/2021 7:00,22.429,71644.9,,,,,
826,7/25/2021 7:15,22.525,71644.9,,,,,
827,7/25/2021 7:30,22.621,71644.9,,,,,
828,7/25/2021 7:45,22.812,71644.9,,,,,
829,7/25/2021 8:00,23.1,71644.9,,,,,
830,7/25/2021 8:15,23.388,71644.9,,,,,
831,7/25/2021 8:30,23.677,68889.3,,,,,
832,7/25/2021 8:45,23.966,68889.3,,,,,
833,7/25/2021 9:00,24.255,71644.9,,,,,
834,7/25/2021 9:15,24.545,71644.9,,,,,
835,7/25/2021 9:30,24.835,68889.3,,,,,
836,7/25/2021 9:45,25.222,68889.3,,,,,
837,7/25/2021 10:00,25.513,68889.3,,,,,
838,7/25/2021 10:15,25.902,68889.3,,,,,
839,7/25/2021 10:30,26.292,68889.3,,,,,
840,7/25/2021 10:45,26.683,66133.8,,,,,
841,7/25/2021 11:00,27.075,66133.8,,,,,
842,7/25/2021 11:15,27.567,63378.2,,,,,
843,7/25/2021 11:30,28.06,63378.2,,,,,
844,7/25/2021 11:45,28.456,57867,,,,,
845,7/25/2021 12:00,28.853,55111.5,,,,,
846,7/25/2021 12:15,29.252,55111.5,,,,,
847,7/25/2021 12:30,29.352,55111.5,,,,,
848,7/25/2021 12:45,29.853,52355.9,,,,,
849,7/25/2021 13:00,29.552,52355.9,,,,,
850,7/25/2021 13:15,29.552,49600.3,,,,,
851,7/25/2021 13:30,29.252,49600.3,,,,,
852,7/25/2021 13:45,29.152,49600.3,,,,,
853,7/25/2021 14:00,29.953,49600.3,,,,,
854,7/25/2021 14:15,29.953,63378.2,,,,,
855,7/25/2021 14:30,28.953,66133.8,,,,,
856,7/25/2021 14:45,28.357,71644.9,,,,,
857,7/25/2021 15:00,27.764,74400.5,,,,,
858,7/25/2021 15:15,27.272,74400.5,,,,,
859,7/25/2021 15:30,26.977,74400.5,,,,,
860,7/25/2021 15:45,26.585,74400.5,,,,,
861,7/25/2021 16:00,26.292,74400.5,,,,,
862,7/25/2021 16:15,25.513,77156.1,,,,,
863,7/25/2021 16:30,25.125,77156.1,,,,,
864,7/25/2021 16:45,24.545,77156.1,,,,,
865,7/25/2021 17:00,24.158,77156.1,,,,,
866,7/25/2021 17:15,24.158,77156.1,,,,,
867,7/25/2021 17:30,24.158,77156.1,,,,,
868,7/25/2021 17:45,24.158,77156.1,,,,,
869,7/25/2021 18:00,24.158,77156.1,,,,,
870,7/25/2021 18:15,24.062,77156.1,,,,,
871,7/25/2021 18:30,23.966,77156.1,,,,,
872,7/25/2021 18:45,23.869,77156.1,,,,,
873,7/25/2021 19:00,23.677,77156.1,,,,,
874,7/25/2021 19:15,23.677,77156.1,,,,,
875,7/25/2021 19:30,23.677,77156.1,,,,,
876,7/25/2021 19:45,23.677,79911.6,,,,,
877,7/25/2021 20:00,23.677,79911.6,,,,,
878,7/25/2021 20:15,23.581,79911.6,,,,,
879,7/25/2021 20:30,23.388,79911.6,,,,,
880,7/25/2021 20:45,23.196,79911.6,,,,,
881,7/25/2021 21:00,22.908,79911.6,,,,,
882,7/25/2021 21:15,22.812,79911.6,,,,,
883,7/25/2021 21:30,22.621,79911.6,,,,,
884,7/25/2021 21:45,22.525,79911.6,,,,,
885,7/25/2021 22:00,22.429,79911.6,,,,,
886,7/25/2021 22:15,22.333,79911.6,,,,,
887,7/25/2021 22:30,22.238,79911.6,,,,,
888,7/25/2021 22:45,22.142,82667.2,,,,,
889,7/25/2021 23:00,22.046,82667.2,,,,,
890,7/25/2021 23:15,21.951,82667.2,,,,,
891,7/25/2021 23:30,21.951,82667.2,,,,,
892,7/25/2021 23:45,21.855,82667.2,,,,,
893,7/26/2021 0:00,21.855,82667.2,,,,,
894,7/26/2021 0:15,21.76,82667.2,,,,,
895,7/26/2021 0:30,21.664,82667.2,,,,,
896,7/26/2021 0:45,21.664,82667.2,,,,,
897,7/26/2021 1:00,21.664,82667.2,,,,,
898,7/26/2021 1:15,21.664,82667.2,,,,,
899,7/26/2021 1:30,21.76,82667.2,,,,,
900,7/26/2021 1:45,21.76,82667.2,,,,,
901,7/26/2021 2:00,21.664,82667.2,,,,,
902,7/26/2021 2:15,21.664,82667.2,,,,,
903,7/26/2021 2:30,21.664,82667.2,,,,,
904,7/26/2021 2:45,21.569,82667.2,,,,,
905,7/26/2021 3:00,21.473,82667.2,,,,,
906,7/26/2021 3:15,21.378,82667.2,,,,,
907,7/26/2021 3:30,21.282,82667.2,,,,,
908,7/26/2021 3:45,21.282,82667.2,,,,,
909,7/26/2021 4:00,21.282,82667.2,,,,,
910,7/26/2021 4:15,21.282,82667.2,,,,,
911,7/26/2021 4:30,21.187,82667.2,,,,,
912,7/26/2021 4:45,21.091,82667.2,,,,,
913,7/26/2021 5:00,21.091,82667.2,,,,,
914,7/26/2021 5:15,21.187,82667.2,,,,,
915,7/26/2021 5:30,21.282,82667.2,,,,,
916,7/26/2021 5:45,21.282,82667.2,,,,,
917,7/26/2021 6:00,21.187,82667.2,,,,,
918,7/26/2021 6:15,21.187,82667.2,,,,,
919,7/26/2021 6:30,21.282,2325,,,,,
920,7/26/2021 6:45,21.282,2238.9,,,,,
921,7/26/2021 7:00,21.378,2152.8,,,,,
922,7/26/2021 7:15,21.473,2152.8,,,,,
923,7/26/2021 7:30,21.664,2152.8,,,,,
924,7/26/2021 7:45,21.76,2152.8,,,,,
925,7/26/2021 8:00,21.855,2152.8,,,,,
926,7/26/2021 8:15,22.046,2152.8,,,,,
927,7/26/2021 8:30,22.429,2152.8,,,,,
928,7/26/2021 8:45,22.717,2152.8,,,,,
929,7/26/2021 9:00,23.004,2152.8,,,,,
930,7/26/2021 9:15,23.1,2152.8,,,,,
931,7/26/2021 9:30,23.388,2152.8,,,,,
932,7/26/2021 9:45,23.677,2152.8,,,,,
933,7/26/2021 10:00,23.966,2152.8,,,,,
934,7/26/2021 10:15,24.351,2152.8,,,,,
935,7/26/2021 10:30,24.738,2152.8,,,,,
936,7/26/2021 10:45,25.028,2066.7,,,,,
937,7/26/2021 11:00,25.416,2066.7,,,,,
938,7/26/2021 11:15,25.902,2066.7,,,,,
939,7/26/2021 11:30,26.292,2066.7,,,,,
940,7/26/2021 11:45,26.585,1980.6,,,,,
941,7/26/2021 12:00,26.977,1980.6,,,,,
942,7/26/2021 12:15,27.468,1980.6,,,,,
943,7/26/2021 12:30,27.862,1980.6,,,,,
944,7/26/2021 12:45,28.258,1980.6,,,,,
945,7/26/2021 13:00,28.754,1894.5,,,,,
946,7/26/2021 13:15,29.152,1894.5,,,,,
947,7/26/2021 13:30,29.352,1980.6,,,,,
948,7/26/2021 13:45,29.652,1980.6,,,,,
949,7/26/2021 14:00,29.853,1980.6,,,,,
950,7/26/2021 14:15,30.054,2066.7,,,,,
951,7/26/2021 14:30,30.255,2066.7,,,,,
952,7/26/2021 14:45,30.558,2066.7,,,,,
953,7/26/2021 15:00,30.659,2066.7,,,,,
954,7/26/2021 15:15,30.76,2152.8,,,,,
955,7/26/2021 15:30,30.76,2152.8,,,,,
956,7/26/2021 15:45,30.659,2152.8,,,,,
957,7/26/2021 16:00,30.356,2152.8,,,,,
958,7/26/2021 16:15,29.552,2152.8,,,,,
959,7/26/2021 16:30,29.252,2152.8,,,,,
960,7/26/2021 16:45,28.655,2152.8,,,,,
961,7/26/2021 17:00,28.06,2152.8,,,,,
962,7/26/2021 17:15,27.567,2152.8,,,,,
963,7/26/2021 17:30,27.075,2152.8,,,,,
964,7/26/2021 17:45,26.683,2152.8,,,,,
965,7/26/2021 18:00,25.708,2152.8,,,,,
966,7/26/2021 18:15,24.835,2066.7,,,,,
967,7/26/2021 18:30,24.448,2066.7,,,,,
968,7/26/2021 18:45,24.158,2066.7,,,,,
969,7/26/2021 19:00,23.966,1980.6,,,,,
970,7/26/2021 19:15,23.773,1980.6,,,,,
971,7/26/2021 19:30,23.677,1980.6,,,,,
972,7/26/2021 19:45,23.484,1980.6,,,,,
973,7/26/2021 20:00,23.388,1894.5,,,,,
974,7/26/2021 20:15,23.388,1894.5,,,,,
975,7/26/2021 20:30,23.292,1980.6,,,,,
976,7/26/2021 20:45,23.292,1894.5,,,,,
977,7/26/2021 21:00,23.196,1894.5,,,,,
978,7/26/2021 21:15,23.004,1894.5,,,,,
979,7/26/2021 21:30,22.908,1894.5,,,,,
980,7/26/2021 21:45,22.812,1894.5,,,,,
981,7/26/2021 22:00,22.717,1894.5,,,,,
982,7/26/2021 22:15,22.621,1894.5,,,,,
983,7/26/2021 22:30,22.525,1894.5,,,,,
984,7/26/2021 22:45,22.429,1808.3,,,,,
985,7/26/2021 23:00,22.429,1808.3,,,,,
986,7/26/2021 23:15,22.333,1808.3,,,,,
987,7/26/2021 23:30,22.238,1808.3,,,,,
988,7/26/2021 23:45,22.142,1808.3,,,,,
989,7/27/2021 0:00,22.142,1808.3,,,,,
990,7/27/2021 0:15,22.046,1808.3,,,,,
991,7/27/2021 0:30,22.046,1808.3,,,,,
992,7/27/2021 0:45,21.951,1808.3,,,,,
993,7/27/2021 1:00,21.855,1808.3,,,,,
994,7/27/2021 1:15,21.855,1808.3,,,,,
995,7/27/2021 1:30,21.76,1808.3,,,,,
996,7/27/2021 1:45,21.76,1808.3,,,,,
997,7/27/2021 2:00,21.76,1808.3,,,,,
998,7/27/2021 2:15,21.664,1808.3,,,,,
999,7/27/2021 2:30,21.664,1722.2,,,,,
1000,7/27/2021 2:45,21.569,1722.2,,,,,
1001,7/27/2021 3:00,21.569,1722.2,,,,,
,,,,,,,,
,,,,,,,,
,,,,,,,,
,,,,,,,,
